"HITId","HITTypeId","Title","Description","Keywords","Reward","CreationTime","MaxAssignments","RequesterAnnotation","AssignmentDurationInSeconds","AutoApprovalDelayInSeconds","Expiration","NumberOfSimilarHITs","LifetimeInSeconds","AssignmentId","WorkerId","AssignmentStatus","AcceptTime","SubmitTime","AutoApprovalTime","ApprovalTime","RejectionTime","RequesterFeedback","WorkTimeInSeconds","LifetimeApprovalRate","Last30DaysApprovalRate","Last7DaysApprovalRate","Answer.MOS_DarkStream_Ay1cBC5TXUc_00089__H005992__260_123288_000033_000000","Answer.MOS_DarkStream_EM4_ENG_0106_0__H009116__5895_34629_000003_000000","Answer.MOS_DarkStream_GF4_ENG_0126_1__H011232__5849_50873_000008_000001","Answer.MOS_DarkStream_GX4a7FR8QNY_00059__H005242__3915_98647_000017_000001","Answer.MOS_DarkStream_GZQGZOmFU5U_00069__H004005__251_118436_000016_000001","Answer.MOS_DarkStream_MM6_ENG_0044_1__H013545__5694_64038_000024_000019","Answer.MOS_DarkStream_arctic_a0086__H013928__2902_9008_000030_000002","Answer.MOS_DarkStream_arctic_a0142__H015175__1701_141759_000035_000000","Answer.MOS_DarkStream_arctic_a0192__H007745__7729_102255_000011_000004","Answer.MOS_DarkStream_arctic_a0257__H015238__6432_63723_000054_000001","Answer.MOS_DarkStream_arctic_b0182__H007972__8131_117017_000012_000000","Answer.MOS_DarkStream_arctic_b0250__H007823__2086_149220_000033_000000","Answer.MOS_DarkStream_p226_192__H016256__6313_66129_000027_000003","Answer.MOS_DarkStream_p245_138__H017900__4323_55228_000075_000005","Answer.MOS_DarkStream_p311_141__H024076__2300_131720_000039_000007","Answer.MOS_GenVC-small_Ay1cBC5TXUc_00089__H005992__260_123288_000033_000000","Answer.MOS_GenVC-small_EM4_ENG_0106_0__H009116__5895_34629_000003_000000","Answer.MOS_GenVC-small_GF4_ENG_0126_1__H011232__5849_50873_000008_000001","Answer.MOS_GenVC-small_GX4a7FR8QNY_00059__H005242__3915_98647_000017_000001","Answer.MOS_GenVC-small_GZQGZOmFU5U_00069__H004005__251_118436_000016_000001","Answer.MOS_GenVC-small_MM6_ENG_0044_1__H013545__5694_64038_000024_000019","Answer.MOS_GenVC-small_arctic_a0086__H013928__2902_9008_000030_000002","Answer.MOS_GenVC-small_arctic_a0142__H015175__1701_141759_000035_000000","Answer.MOS_GenVC-small_arctic_a0192__H007745__7729_102255_000011_000004","Answer.MOS_GenVC-small_arctic_a0257__H015238__6432_63723_000054_000001","Answer.MOS_GenVC-small_arctic_b0182__H007972__8131_117017_000012_000000","Answer.MOS_GenVC-small_arctic_b0250__H007823__2086_149220_000033_000000","Answer.MOS_GenVC-small_p226_192__H016256__6313_66129_000027_000003","Answer.MOS_GenVC-small_p245_138__H017900__4323_55228_000075_000005","Answer.MOS_GenVC-small_p311_141__H024076__2300_131720_000039_000007","Answer.MOS_Ours_Ay1cBC5TXUc_00089__H005992__260_123288_000033_000000","Answer.MOS_Ours_EM4_ENG_0106_0__H009116__5895_34629_000003_000000","Answer.MOS_Ours_GF4_ENG_0126_1__H011232__5849_50873_000008_000001","Answer.MOS_Ours_GX4a7FR8QNY_00059__H005242__3915_98647_000017_000001","Answer.MOS_Ours_GZQGZOmFU5U_00069__H004005__251_118436_000016_000001","Answer.MOS_Ours_MM6_ENG_0044_1__H013545__5694_64038_000024_000019","Answer.MOS_Ours_arctic_a0086__H013928__2902_9008_000030_000002","Answer.MOS_Ours_arctic_a0142__H015175__1701_141759_000035_000000","Answer.MOS_Ours_arctic_a0192__H007745__7729_102255_000011_000004","Answer.MOS_Ours_arctic_a0257__H015238__6432_63723_000054_000001","Answer.MOS_Ours_arctic_b0182__H007972__8131_117017_000012_000000","Answer.MOS_Ours_arctic_b0250__H007823__2086_149220_000033_000000","Answer.MOS_Ours_p226_192__H016256__6313_66129_000027_000003","Answer.MOS_Ours_p245_138__H017900__4323_55228_000075_000005","Answer.MOS_Ours_p311_141__H024076__2300_131720_000039_000007","Answer.MOS_PT_Experience","Answer.MOS_PT_comments","Answer.MOS_PT_listening","Answer.MOS_PT_nativeLanguage","Answer.MOS_PT_otherLanguages","Answer.MOS_TVTSyn_Ay1cBC5TXUc_00089__H005992__260_123288_000033_000000","Answer.MOS_TVTSyn_EM4_ENG_0106_0__H009116__5895_34629_000003_000000","Answer.MOS_TVTSyn_GF4_ENG_0126_1__H011232__5849_50873_000008_000001","Answer.MOS_TVTSyn_GX4a7FR8QNY_00059__H005242__3915_98647_000017_000001","Answer.MOS_TVTSyn_GZQGZOmFU5U_00069__H004005__251_118436_000016_000001","Answer.MOS_TVTSyn_MM6_ENG_0044_1__H013545__5694_64038_000024_000019","Answer.MOS_TVTSyn_arctic_a0086__H013928__2902_9008_000030_000002","Answer.MOS_TVTSyn_arctic_a0142__H015175__1701_141759_000035_000000","Answer.MOS_TVTSyn_arctic_a0192__H007745__7729_102255_000011_000004","Answer.MOS_TVTSyn_arctic_a0257__H015238__6432_63723_000054_000001","Answer.MOS_TVTSyn_arctic_b0182__H007972__8131_117017_000012_000000","Answer.MOS_TVTSyn_arctic_b0250__H007823__2086_149220_000033_000000","Answer.MOS_TVTSyn_p226_192__H016256__6313_66129_000027_000003","Answer.MOS_TVTSyn_p245_138__H017900__4323_55228_000075_000005","Answer.MOS_TVTSyn_p311_141__H024076__2300_131720_000039_000007","Answer.MOS_slt24_Ay1cBC5TXUc_00089__H005992__260_123288_000033_000000","Answer.MOS_slt24_EM4_ENG_0106_0__H009116__5895_34629_000003_000000","Answer.MOS_slt24_GF4_ENG_0126_1__H011232__5849_50873_000008_000001","Answer.MOS_slt24_GX4a7FR8QNY_00059__H005242__3915_98647_000017_000001","Answer.MOS_slt24_GZQGZOmFU5U_00069__H004005__251_118436_000016_000001","Answer.MOS_slt24_MM6_ENG_0044_1__H013545__5694_64038_000024_000019","Answer.MOS_slt24_arctic_a0086__H013928__2902_9008_000030_000002","Answer.MOS_slt24_arctic_a0142__H015175__1701_141759_000035_000000","Answer.MOS_slt24_arctic_a0192__H007745__7729_102255_000011_000004","Answer.MOS_slt24_arctic_a0257__H015238__6432_63723_000054_000001","Answer.MOS_slt24_arctic_b0182__H007972__8131_117017_000012_000000","Answer.MOS_slt24_arctic_b0250__H007823__2086_149220_000033_000000","Answer.MOS_slt24_p226_192__H016256__6313_66129_000027_000003","Answer.MOS_slt24_p245_138__H017900__4323_55228_000075_000005","Answer.MOS_slt24_p311_141__H024076__2300_131720_000039_000007","Approve","Reject"
"3AQN9REUUPCFPIN04RVTJZQ0TMOYDB","3Z53LF8QZP3I9Q9ATXDBVOTT0O1CFY","Audio Quality Evaluation","You will be given a list of recordings are organized in rows. In each row, you will see an audio clip. You need to listen to the recording and rate its audio quality using the scale: ""Excellent"", ""Good"", 'Fair"", ""Poor"", and ""Bad"".","speech, quality, audio","$6.00","Tue Mar 03 09:13:13 PST 2026","20","BatchId:5376238;OriginalHitTemplateId:928390828;","1440","86400","Fri Mar 06 09:13:13 PST 2026","","","308Q0PEVBJ9JICT8EV9Q0Z9HZGQI91","A2W4Z299TO5C7I","Submitted","Tue Mar 03 09:13:29 PST 2026","Tue Mar 03 09:24:55 PST 2026","Wed Mar 04 09:24:55 PST 2026","","","","686","100% (1/1)","100% (1/1)","100% (1/1)","3","3","3","3","3","3","3","4","4","3","3","3","3","3","4","4","3","3","3","3","2","3","3","3","3","2","4","4","3","3","4","4","4","3","3","3","2","4","4","3","3","4","3","3","3","1","nothing","2","english","spanish","4","3","3","3","3","4","3","3","3","3","4","4","4","3","3","3","4","3","4","3","3","3","4","4","4","3","3","4","3","3"
"3AQN9REUUPCFPIN04RVTJZQ0TMOYDB","3Z53LF8QZP3I9Q9ATXDBVOTT0O1CFY","Audio Quality Evaluation","You will be given a list of recordings are organized in rows. In each row, you will see an audio clip. You need to listen to the recording and rate its audio quality using the scale: ""Excellent"", ""Good"", 'Fair"", ""Poor"", and ""Bad"".","speech, quality, audio","$6.00","Tue Mar 03 09:13:13 PST 2026","20","BatchId:5376238;OriginalHitTemplateId:928390828;","1440","86400","Fri Mar 06 09:13:13 PST 2026","","","35H6S234SLWKO5WV94NKRGEA4TC563","A3O896KJ6R2PCR","Submitted","Tue Mar 03 09:13:29 PST 2026","Tue Mar 03 09:23:47 PST 2026","Wed Mar 04 09:23:47 PST 2026","","","","618","100% (1/1)","100% (1/1)","100% (1/1)","5","2","3","2","3","5","4","2","3","4","1","3","4","3","1","4","4","3","4","4","4","4","3","2","2","4","2","5","3","1","4","2","2","4","3","1","1","1","3","3","3","3","4","4","4","1","no","3","us","up","2","3","4","4","1","4","3","3","4","2","2","4","2","3","4","4","2","3","4","2","3","3","4","2","3","4","3","3","5","2"
"3AQN9REUUPCFPIN04RVTJZQ0TMOYDB","3Z53LF8QZP3I9Q9ATXDBVOTT0O1CFY","Audio Quality Evaluation","You will be given a list of recordings are organized in rows. In each row, you will see an audio clip. You need to listen to the recording and rate its audio quality using the scale: ""Excellent"", ""Good"", 'Fair"", ""Poor"", and ""Bad"".","speech, quality, audio","$6.00","Tue Mar 03 09:13:13 PST 2026","20","BatchId:5376238;OriginalHitTemplateId:928390828;","1440","86400","Fri Mar 06 09:13:13 PST 2026","","","3634BBTX0ZQSJMKLHH9IAVVS2ELFIQ","A2L8QF52V5LO7X","Submitted","Tue Mar 03 09:13:29 PST 2026","Tue Mar 03 09:24:22 PST 2026","Wed Mar 04 09:24:22 PST 2026","","","","653","0% (0/0)","0% (0/0)","0% (0/0)","4","4","3","4","3","3","4","3","4","3","4","5","4","4","4","3","4","5","5","4","3","3","4","3","3","4","3","4","4","3","4","4","5","4","3","3","4","5","5","5","4","4","4","3","5","1","Clarify the Research Objectives: Ensure that the aims and hypotheses are explicitly stated to provide clear direction for the study.Enhance Methodological Details: Include more information about the study design, sampling methods, and data collection procedures to improve reproducibility and transparency.Increase Sample Size: If feasible, consider enlarging the sample to improve the statistical power and generalizability of the findings.","3","English","English","5","5","4","5","4","4","4","4","3","4","5","5","5","5","4","4","5","4","4","3","4","4","3","4","4","4","5","4","4","3"
"3AQN9REUUPCFPIN04RVTJZQ0TMOYDB","3Z53LF8QZP3I9Q9ATXDBVOTT0O1CFY","Audio Quality Evaluation","You will be given a list of recordings are organized in rows. In each row, you will see an audio clip. You need to listen to the recording and rate its audio quality using the scale: ""Excellent"", ""Good"", 'Fair"", ""Poor"", and ""Bad"".","speech, quality, audio","$6.00","Tue Mar 03 09:13:13 PST 2026","20","BatchId:5376238;OriginalHitTemplateId:928390828;","1440","86400","Fri Mar 06 09:13:13 PST 2026","","","378XPAWRUN9XNV3D61NQWUK15Y8IAG","AKJLPXLLAFHQN","Submitted","Tue Mar 03 09:13:29 PST 2026","Tue Mar 03 09:26:15 PST 2026","Wed Mar 04 09:26:15 PST 2026","","","","766","0% (0/0)","0% (0/0)","0% (0/0)","4","3","3","4","4","4","3","4","4","4","4","3","4","3","3","3","3","3","4","3","3","3","3","3","3","3","4","4","4","3","4","4","4","3","3","3","3","3","3","3","3","4","3","3","3","1","nothing","2","english","spanish","4","3","3","3","3","4","3","4","3","4","3","3","4","3","3","3","3","3","4","3","3","3","4","4","4","3","4","3","3","4"
"3AQN9REUUPCFPIN04RVTJZQ0TMOYDB","3Z53LF8QZP3I9Q9ATXDBVOTT0O1CFY","Audio Quality Evaluation","You will be given a list of recordings are organized in rows. In each row, you will see an audio clip. You need to listen to the recording and rate its audio quality using the scale: ""Excellent"", ""Good"", 'Fair"", ""Poor"", and ""Bad"".","speech, quality, audio","$6.00","Tue Mar 03 09:13:13 PST 2026","20","BatchId:5376238;OriginalHitTemplateId:928390828;","1440","86400","Fri Mar 06 09:13:13 PST 2026","","","384PI804X3XQGW8RJBKBBQEB5AYS0R","A3LERU1PSLTL1F","Submitted","Tue Mar 03 09:13:29 PST 2026","Tue Mar 03 09:32:10 PST 2026","Wed Mar 04 09:32:10 PST 2026","","","","1121","0% (0/0)","0% (0/0)","0% (0/0)","4","5","4","3","5","5","5","5","2","4","4","4","3","3","4","5","5","5","5","5","4","4","4","4","5","4","5","5","3","3","3","5","5","3","4","4","3","4","5","4","5","4","4","3","3","1","No","2","English","Yes","2","4","5","4","4","3","3","5","4","3","5","4","5","5","5","3","5","4","5","4","5","3","5","3","4","5","5","4","4","2"
"3AQN9REUUPCFPIN04RVTJZQ0TMOYDB","3Z53LF8QZP3I9Q9ATXDBVOTT0O1CFY","Audio Quality Evaluation","You will be given a list of recordings are organized in rows. In each row, you will see an audio clip. You need to listen to the recording and rate its audio quality using the scale: ""Excellent"", ""Good"", 'Fair"", ""Poor"", and ""Bad"".","speech, quality, audio","$6.00","Tue Mar 03 09:13:13 PST 2026","20","BatchId:5376238;OriginalHitTemplateId:928390828;","1440","86400","Fri Mar 06 09:13:13 PST 2026","","","3A9AA95AT7ISYBE0O0MTXG5RZY2P5T","A14A02V3ZNAMDO","Submitted","Tue Mar 03 09:13:29 PST 2026","Tue Mar 03 09:25:43 PST 2026","Wed Mar 04 09:25:43 PST 2026","","","","734","0% (0/0)","0% (0/0)","0% (0/0)","3","3","4","3","4","3","4","4","4","4","3","4","3","4","3","3","3","3","3","4","3","3","4","3","3","3","4","4","4","3","4","4","4","3","3","3","3","3","3","3","3","3","3","3","3","1","nothing","2","english","spanish","4","3","3","3","4","4","3","4","3","4","3","3","4","3","4","3","3","4","3","3","3","3","4","4","5","4","4","3","3","4"
"3AQN9REUUPCFPIN04RVTJZQ0TMOYDB","3Z53LF8QZP3I9Q9ATXDBVOTT0O1CFY","Audio Quality Evaluation","You will be given a list of recordings are organized in rows. In each row, you will see an audio clip. You need to listen to the recording and rate its audio quality using the scale: ""Excellent"", ""Good"", 'Fair"", ""Poor"", and ""Bad"".","speech, quality, audio","$6.00","Tue Mar 03 09:13:13 PST 2026","20","BatchId:5376238;OriginalHitTemplateId:928390828;","1440","86400","Fri Mar 06 09:13:13 PST 2026","","","3CCZ6YKWRIF76OYT7BQWBQ5CUUK59E","A1ICAAKWKD8XLC","Submitted","Tue Mar 03 09:13:29 PST 2026","Tue Mar 03 09:24:49 PST 2026","Wed Mar 04 09:24:49 PST 2026","","","","680","0% (0/0)","0% (0/0)","0% (0/0)","3","3","4","4","4","3","3","4","4","4","4","3","3","3","4","3","4","3","5","4","5","5","3","4","3","3","4","4","3","4","4","4","4","4","3","4","5","3","4","3","3","4","4","3","3","1","nothing","2","English","Spanish","4","5","4","5","4","4","3","4","1","4","4","4","4","4","4","4","3","4","3","3","3","4","4","4","5","4","4","4","3","4"
"3AQN9REUUPCFPIN04RVTJZQ0TMOYDB","3Z53LF8QZP3I9Q9ATXDBVOTT0O1CFY","Audio Quality Evaluation","You will be given a list of recordings are organized in rows. In each row, you will see an audio clip. You need to listen to the recording and rate its audio quality using the scale: ""Excellent"", ""Good"", 'Fair"", ""Poor"", and ""Bad"".","speech, quality, audio","$6.00","Tue Mar 03 09:13:13 PST 2026","20","BatchId:5376238;OriginalHitTemplateId:928390828;","1440","86400","Fri Mar 06 09:13:13 PST 2026","","","3CFJTT4SX4MF4T5FZYB6M3IB4Q2I7P","A2JXQE27MO3ZB7","Submitted","Tue Mar 03 09:13:29 PST 2026","Tue Mar 03 09:30:09 PST 2026","Wed Mar 04 09:30:09 PST 2026","","","","1000","0% (0/0)","0% (0/0)","0% (0/0)","4","4","3","4","4","4","4","4","4","4","3","3","3","3","4","4","4","4","4","4","3","3","3","3","4","4","4","4","4","3","4","4","4","4","3","3","3","3","4","3","3","3","4","4","3","1","Nothing","2","English","Spanish","4","3","3","4","4","4","3","3","3","4","3","3","4","4","3","4","4","3","4","4","4","3","4","4","3","4","4","3","3","4"
"3AQN9REUUPCFPIN04RVTJZQ0TMOYDB","3Z53LF8QZP3I9Q9ATXDBVOTT0O1CFY","Audio Quality Evaluation","You will be given a list of recordings are organized in rows. In each row, you will see an audio clip. You need to listen to the recording and rate its audio quality using the scale: ""Excellent"", ""Good"", 'Fair"", ""Poor"", and ""Bad"".","speech, quality, audio","$6.00","Tue Mar 03 09:13:13 PST 2026","20","BatchId:5376238;OriginalHitTemplateId:928390828;","1440","86400","Fri Mar 06 09:13:13 PST 2026","","","3EQHHY4HQ3OMLYL1LHW637RZY7F5G5","A17CVKNSQMK98Z","Submitted","Tue Mar 03 09:13:29 PST 2026","Tue Mar 03 09:33:54 PST 2026","Wed Mar 04 09:33:54 PST 2026","","","","1225","0% (0/0)","0% (0/0)","0% (0/0)","3","3","5","3","5","3","3","4","5","1","4","5","3","5","3","3","4","4","4","5","3","3","5","4","4","4","5","5","4","4","4","4","5","4","5","4","5","5","4","5","5","3","3","5","3","-1","Maybe adding slow replay or a waveform would help folks judge the audio quality more accurately.","2","english","no","1","3","5","3","4","2","5","3","3","5","3","4","3","4","4","4","3","3","5","4","5","3","4","3","3","3","3","4","5","4"
"3AQN9REUUPCFPIN04RVTJZQ0TMOYDB","3Z53LF8QZP3I9Q9ATXDBVOTT0O1CFY","Audio Quality Evaluation","You will be given a list of recordings are organized in rows. In each row, you will see an audio clip. You need to listen to the recording and rate its audio quality using the scale: ""Excellent"", ""Good"", 'Fair"", ""Poor"", and ""Bad"".","speech, quality, audio","$6.00","Tue Mar 03 09:13:13 PST 2026","20","BatchId:5376238;OriginalHitTemplateId:928390828;","1440","86400","Fri Mar 06 09:13:13 PST 2026","","","3FE7TXL1LTJLZQWS6UZKZESPKKX2QW","A31IJFCZILFIMB","Submitted","Tue Mar 03 09:37:45 PST 2026","Tue Mar 03 09:51:53 PST 2026","Wed Mar 04 09:51:53 PST 2026","","","","848","0% (0/0)","0% (0/0)","0% (0/0)","4","5","5","4","3","4","3","4","1","4","4","5","4","4","1","4","3","3","3","4","4","4","4","4","3","4","5","5","5","5","5","4","3","4","4","4","5","3","3","5","3","4","3","3","4","1","No","1","English","English","3","4","5","4","5","3","4","5","4","5","5","4","3","4","4","3","3","4","5","3","5","5","5","5","5","3","5","3","3","4"
"3AQN9REUUPCFPIN04RVTJZQ0TMOYDB","3Z53LF8QZP3I9Q9ATXDBVOTT0O1CFY","Audio Quality Evaluation","You will be given a list of recordings are organized in rows. In each row, you will see an audio clip. You need to listen to the recording and rate its audio quality using the scale: ""Excellent"", ""Good"", 'Fair"", ""Poor"", and ""Bad"".","speech, quality, audio","$6.00","Tue Mar 03 09:13:13 PST 2026","20","BatchId:5376238;OriginalHitTemplateId:928390828;","1440","86400","Fri Mar 06 09:13:13 PST 2026","","","3HUTX6F6V5JIEEJCRH7GA9XP5JF2OO","AVLFL5X6VYQAT","Submitted","Tue Mar 03 09:37:35 PST 2026","Tue Mar 03 09:54:03 PST 2026","Wed Mar 04 09:54:03 PST 2026","","","","988","100% (1/1)","100% (1/1)","100% (1/1)","3","3","4","4","4","4","3","4","3","4","4","3","4","4","4","3","4","3","3","3","3","3","3","4","4","3","3","4","4","4","4","4","4","4","4","3","3","3","3","4","3","4","4","3","4","1","nothing","2","English","Spanish","4","3","3","4","3","4","3","3","3","4","4","4","4","4","4","3","3","3","4","3","3","3","4","4","4","4","4","4","3","4"
"3AQN9REUUPCFPIN04RVTJZQ0TMOYDB","3Z53LF8QZP3I9Q9ATXDBVOTT0O1CFY","Audio Quality Evaluation","You will be given a list of recordings are organized in rows. In each row, you will see an audio clip. You need to listen to the recording and rate its audio quality using the scale: ""Excellent"", ""Good"", 'Fair"", ""Poor"", and ""Bad"".","speech, quality, audio","$6.00","Tue Mar 03 09:13:13 PST 2026","20","BatchId:5376238;OriginalHitTemplateId:928390828;","1440","86400","Fri Mar 06 09:13:13 PST 2026","","","3JJVG1YBEMTQUHDQ5V4S2W02IUN5BO","A13REC9C7283AX","Submitted","Tue Mar 03 09:13:29 PST 2026","Tue Mar 03 09:37:09 PST 2026","Wed Mar 04 09:37:09 PST 2026","","","","1420","0% (0/0)","0% (0/0)","0% (0/0)","2","4","4","2","3","3","4","5","2","2","5","3","4","4","1","5","3","5","4","4","2","5","5","5","5","5","5","3","4","5","1","5","5","4","5","4","5","5","5","5","5","4","4","5","5","1","{}","2","English","English","5","5","5","5","5","2","4","5","5","5","5","4","5","5","5","4","3","4","5","4","4","3","3","3","4","5","4","4","4","4"
"3AQN9REUUPCFPIN04RVTJZQ0TMOYDB","3Z53LF8QZP3I9Q9ATXDBVOTT0O1CFY","Audio Quality Evaluation","You will be given a list of recordings are organized in rows. In each row, you will see an audio clip. You need to listen to the recording and rate its audio quality using the scale: ""Excellent"", ""Good"", 'Fair"", ""Poor"", and ""Bad"".","speech, quality, audio","$6.00","Tue Mar 03 09:13:13 PST 2026","20","BatchId:5376238;OriginalHitTemplateId:928390828;","1440","86400","Fri Mar 06 09:13:13 PST 2026","","","3L6L49WXWBT69ISHQGU5UIUW82654I","A1IQNR6IXSPHY7","Submitted","Tue Mar 03 09:13:29 PST 2026","Tue Mar 03 09:23:11 PST 2026","Wed Mar 04 09:23:11 PST 2026","","","","582","100% (1/1)","0% (0/0)","0% (0/0)","1","2","1","1","1","3","4","2","1","1","1","4","3","5","1","1","3","5","1","3","3","4","4","2","4","4","3","3","5","4","3","3","5","1","5","3","3","4","4","4","4","4","2","5","4","-1","{}","1","English","Spanish","4","2","4","3","4","3","4","3","4","4","3","4","4","5","3","4","3","3","4","4","3","2","3","3","4","5","3","3","5","1"
"3AQN9REUUPCFPIN04RVTJZQ0TMOYDB","3Z53LF8QZP3I9Q9ATXDBVOTT0O1CFY","Audio Quality Evaluation","You will be given a list of recordings are organized in rows. In each row, you will see an audio clip. You need to listen to the recording and rate its audio quality using the scale: ""Excellent"", ""Good"", 'Fair"", ""Poor"", and ""Bad"".","speech, quality, audio","$6.00","Tue Mar 03 09:13:13 PST 2026","20","BatchId:5376238;OriginalHitTemplateId:928390828;","1440","86400","Fri Mar 06 09:13:13 PST 2026","","","3LEP4MGT3RWLYUSJK1MB08OUVBLDB4","ANVAWCWJZDS9P","Submitted","Tue Mar 03 09:13:29 PST 2026","Tue Mar 03 09:32:48 PST 2026","Wed Mar 04 09:32:48 PST 2026","","","","1159","0% (0/0)","0% (0/0)","0% (0/0)","5","4","5","2","4","4","3","4","5","1","3","3","3","3","3","3","3","5","2","3","4","5","4","3","5","3","5","4","3","4","3","4","4","3","4","5","3","4","5","3","5","2","5","4","3","-1","Maybe we could add some quick clips for each rating, so people have a real example of what to do.","2","english","no","5","4","3","4","5","5","5","3","3","5","4","3","4","2","3","3","5","4","3","5","5","5","3","5","2","4","5","4","2","4"
"3AQN9REUUPCFPIN04RVTJZQ0TMOYDB","3Z53LF8QZP3I9Q9ATXDBVOTT0O1CFY","Audio Quality Evaluation","You will be given a list of recordings are organized in rows. In each row, you will see an audio clip. You need to listen to the recording and rate its audio quality using the scale: ""Excellent"", ""Good"", 'Fair"", ""Poor"", and ""Bad"".","speech, quality, audio","$6.00","Tue Mar 03 09:13:13 PST 2026","20","BatchId:5376238;OriginalHitTemplateId:928390828;","1440","86400","Fri Mar 06 09:13:13 PST 2026","","","3OJSZ2ATD3S3S5A0SESCXUE6Z4W572","A227Z1IZNMEF7P","Submitted","Tue Mar 03 09:13:29 PST 2026","Tue Mar 03 09:36:44 PST 2026","Wed Mar 04 09:36:44 PST 2026","","","","1395","0% (0/0)","0% (0/0)","0% (0/0)","1","3","2","4","5","4","4","2","1","2","4","3","4","3","1","3","3","5","4","3","1","4","5","3","5","4","2","3","4","5","4","3","5","4","4","4","5","5","4","2","5","3","4","5","5","1","{}","2","ENGLISH","HINDI AND BENGALI","4","4","5","5","5","4","4","5","3","5","5","4","4","5","3","5","4","5","5","5","3","4","4","2","4","4","4","5","5","4"
"3AQN9REUUPCFPIN04RVTJZQ0TMOYDB","3Z53LF8QZP3I9Q9ATXDBVOTT0O1CFY","Audio Quality Evaluation","You will be given a list of recordings are organized in rows. In each row, you will see an audio clip. You need to listen to the recording and rate its audio quality using the scale: ""Excellent"", ""Good"", 'Fair"", ""Poor"", and ""Bad"".","speech, quality, audio","$6.00","Tue Mar 03 09:13:13 PST 2026","20","BatchId:5376238;OriginalHitTemplateId:928390828;","1440","86400","Fri Mar 06 09:13:13 PST 2026","","","3RXCAC0YI2L58G43JF39FR1Q0XG8GA","AZA4TWIONRE4W","Submitted","Tue Mar 03 09:37:35 PST 2026","Tue Mar 03 09:54:57 PST 2026","Wed Mar 04 09:54:57 PST 2026","","","","1042","0% (0/0)","0% (0/0)","0% (0/0)","3","3","2","3","3","3","3","3","3","3","2","3","2","2","3","3","5","4","3","4","2","4","2","2","3","3","3","3","3","2","3","4","3","2","3","4","2","2","3","2","2","3","4","2","4","-1","GOOD","2","English","English","3","3","4","3","2","4","4","4","4","3","4","2","3","3","5","4","3","2","2","3","3","2","3","4","5","3","1","4","4","3"
"3AQN9REUUPCFPIN04RVTJZQ0TMOYDB","3Z53LF8QZP3I9Q9ATXDBVOTT0O1CFY","Audio Quality Evaluation","You will be given a list of recordings are organized in rows. In each row, you will see an audio clip. You need to listen to the recording and rate its audio quality using the scale: ""Excellent"", ""Good"", 'Fair"", ""Poor"", and ""Bad"".","speech, quality, audio","$6.00","Tue Mar 03 09:13:13 PST 2026","20","BatchId:5376238;OriginalHitTemplateId:928390828;","1440","86400","Fri Mar 06 09:13:13 PST 2026","","","3TAYZSBPLW4XC6B5YYOPUE7Q28I2SL","A3OLA04ECGYYNK","Submitted","Tue Mar 03 09:37:35 PST 2026","Tue Mar 03 09:50:24 PST 2026","Wed Mar 04 09:50:24 PST 2026","","","","769","0% (0/0)","0% (0/0)","0% (0/0)","4","4","3","4","4","4","4","4","4","4","3","3","3","3","4","4","4","4","4","4","3","3","3","3","4","4","4","4","4","3","4","4","4","4","3","3","3","3","4","3","3","3","4","4","3","1","Nothing","2","English","Spanish","4","3","3","4","4","4","3","3","3","4","3","4","4","4","3","4","4","3","4","4","4","3","4","4","3","4","4","3","3","4"
"3AQN9REUUPCFPIN04RVTJZQ0TMOYDB","3Z53LF8QZP3I9Q9ATXDBVOTT0O1CFY","Audio Quality Evaluation","You will be given a list of recordings are organized in rows. In each row, you will see an audio clip. You need to listen to the recording and rate its audio quality using the scale: ""Excellent"", ""Good"", 'Fair"", ""Poor"", and ""Bad"".","speech, quality, audio","$6.00","Tue Mar 03 09:13:13 PST 2026","20","BatchId:5376238;OriginalHitTemplateId:928390828;","1440","86400","Fri Mar 06 09:13:13 PST 2026","","","3TY7ZAOG5QGSSDVJE2B9K4N1OGLK02","A2BGORV8FFXATI","Submitted","Tue Mar 03 09:13:29 PST 2026","Tue Mar 03 09:25:16 PST 2026","Wed Mar 04 09:25:16 PST 2026","","","","707","0% (0/0)","0% (0/0)","0% (0/0)","4","5","4","4","4","3","5","5","5","4","5","5","3","3","3","5","4","4","3","3","4","3","4","4","4","4","5","4","3","5","3","4","4","4","3","3","3","4","4","5","4","3","4","3","4","1","It was good","2","Englsih","Spinsh","4","3","5","4","4","3","4","5","4","4","5","3","3","3","3","4","5","4","2","5","2","4","4","4","4","3","4","3","3","4"
"3AQN9REUUPCFPIN04RVTJZQ0TMOYDB","3Z53LF8QZP3I9Q9ATXDBVOTT0O1CFY","Audio Quality Evaluation","You will be given a list of recordings are organized in rows. In each row, you will see an audio clip. You need to listen to the recording and rate its audio quality using the scale: ""Excellent"", ""Good"", 'Fair"", ""Poor"", and ""Bad"".","speech, quality, audio","$6.00","Tue Mar 03 09:13:13 PST 2026","20","BatchId:5376238;OriginalHitTemplateId:928390828;","1440","86400","Fri Mar 06 09:13:13 PST 2026","","","3VE8AYVF8XTZUG888VXRX61EZIG8FB","ANHWX99RNY3TE","Submitted","Tue Mar 03 09:37:45 PST 2026","Tue Mar 03 09:52:57 PST 2026","Wed Mar 04 09:52:57 PST 2026","","","","912","0% (0/0)","0% (0/0)","0% (0/0)","5","5","4","5","4","5","5","5","5","5","4","4","5","4","5","5","5","5","5","5","4","4","4","4","5","5","5","5","5","4","4","5","5","5","4","4","4","4","5","4","4","5","5","4","4","-1","NICE STUDY","2","ENGLISH","HINDI","4","4","4","5","5","5","4","5","5","5","4","5","5","5","4","5","5","4","4","4","5","4","5","5","4","5","5","4","4","5"
"3AQN9REUUPCFPIN04RVTJZQ0TMOYDB","3Z53LF8QZP3I9Q9ATXDBVOTT0O1CFY","Audio Quality Evaluation","You will be given a list of recordings are organized in rows. In each row, you will see an audio clip. You need to listen to the recording and rate its audio quality using the scale: ""Excellent"", ""Good"", 'Fair"", ""Poor"", and ""Bad"".","speech, quality, audio","$6.00","Tue Mar 03 09:13:13 PST 2026","20","BatchId:5376238;OriginalHitTemplateId:928390828;","1440","86400","Fri Mar 06 09:13:13 PST 2026","","","3WQQ9FUS6LQ9HZWS3TBVEGATKKOB8W","A2BPRM8I6P4OZS","Submitted","Tue Mar 03 09:13:28 PST 2026","Tue Mar 03 09:36:07 PST 2026","Wed Mar 04 09:36:07 PST 2026","","","","1359","100% (2/2)","100% (2/2)","100% (2/2)","1","1","2","1","1","4","3","3","1","1","2","2","1","3","1","3","4","4","4","2","2","2","3","1","1","1","4","4","4","4","2","4","4","2","4","3","4","4","3","4","3","2","4","5","4","-1","very good study","2","English","English","4","3","2","3","2","3","2","3","2","4","4","3","3","5","3","4","4","3","3","4","3","2","4","3","4","4","3","2","5","3"